{
  "Wael": {
    "score": 100390000,
    "pass": "Kiloalpha_5@",
    "mypc": {
      "data": 3134055945.500001,
      "cache": 2573755078338.244,
      "energy": 4000,
      "btc": 999969.5000000023,
      "qTokens": 84553,
      "lastLogin": "",
      "cpuIdx": 59,
      "gpuIdx": 13,
      "npuIdx": 0,
      "ramGb": 4096,
      "ddrGen": 2,
      "storageIdx": 0,
      "coolerIdx": 0,
      "netIdx": 0,
      "busIdx": 0,
      "softIdx": 0,
      "ocMode": true,
      "btcPrice": 1000000000,
      "botnet": true,
      "zeroDay": true,
      "subZero": true,
      "firewallCharges": 100,
      "lastTime": 1773512187262
    }
  }
}