{
  "Wael": {
    "score": 100390000,
    "pass": "Kiloalpha_5@",
    "mypc": {
      "data": 2.0796851793881834e+24,
      "cache": 0,
      "energy": 2650,
      "btc": 989969.5000000023,
      "qTokens": 3120885932,
      "lastLogin": "",
      "cpuIdx": 68,
      "gpuIdx": 13,
      "npuIdx": 3,
      "ramGb": 11264,
      "ddrGen": 2,
      "storageIdx": 0,
      "coolerIdx": 4,
      "netIdx": 9,
      "busIdx": 20,
      "softIdx": 4,
      "ocMode": false,
      "btcPrice": 1000000000000000,
      "botnet": true,
      "zeroDay": true,
      "subZero": true,
      "firewallCharges": 100,
      "lastTime": 1773525959159
    }
  }
}