{
  "Wael": {
    "score": 100610000,
    "pass": "Kiloalpha_5@",
    "mypc": {
      "data": 1.6143264695318294e+25,
      "cache": 0,
      "energy": 2650,
      "btc": 989969.5000000023,
      "qTokens": 3120885932,
      "lastLogin": "",
      "cpuIdx": 68,
      "gpuIdx": 13,
      "npuIdx": 3,
      "ramGb": 11264,
      "ddrGen": 2,
      "storageIdx": 0,
      "coolerIdx": 4,
      "netIdx": 9,
      "busIdx": 21,
      "softIdx": 4,
      "ocMode": true,
      "btcPrice": 1000000000000000,
      "botnet": true,
      "zeroDay": true,
      "subZero": true,
      "firewallCharges": 100,
      "lastTime": 1773588064965
    }
  }
}