{
  "Wael": {
    "score": 100700000,
    "pass": "Kiloalpha_5@",
    "mypc": {
      "data": 1.8316350972771403e+29,
      "cache": 0,
      "energy": 1975,
      "btc": 989969.5000000023,
      "qTokens": 19174131539945,
      "lastLogin": "",
      "cpuIdx": 68,
      "gpuIdx": 13,
      "npuIdx": 3,
      "ramGb": 29696,
      "ddrGen": 2,
      "storageIdx": 0,
      "coolerIdx": 4,
      "netIdx": 9,
      "busIdx": 25,
      "softIdx": 4,
      "ocMode": false,
      "btcPrice": 1000000000000000,
      "botnet": true,
      "zeroDay": true,
      "subZero": true,
      "firewallCharges": 99,
      "lastTime": 1773588174980
    }
  }
}