{
  "Wael": {
    "score": 136700000,
    "pass": "Kiloalpha_5@",
    "mypc": {
      "data": 1.2782734083598683e+23,
      "cache": 5.89481291082456e+26,
      "energy": 1975,
      "btc": 989969.5000000023,
      "qTokens": 1434650289969128200,
      "lastLogin": "",
      "cpuIdx": 68,
      "gpuIdx": 0,
      "npuIdx": 0,
      "ramGb": 8,
      "ddrGen": 2,
      "storageIdx": 0,
      "coolerIdx": 0,
      "netIdx": 0,
      "busIdx": 0,
      "softIdx": 0,
      "ocMode": false,
      "btcPrice": 1000000000000000,
      "botnet": true,
      "zeroDay": true,
      "subZero": true,
      "firewallCharges": 99,
      "lastTime": 1773785673509
    }
  }
}