{
  "Wael": {
    "score": 136700000,
    "pass": "Kiloalpha_5@",
    "mypc": {
      "data": 2.444408483826574e+33,
      "cache": 0,
      "energy": 1300,
      "btc": 989969.5000000023,
      "qTokens": 1434650289969128200,
      "lastLogin": "",
      "cpuIdx": 68,
      "gpuIdx": 13,
      "npuIdx": 3,
      "ramGb": 30720,
      "ddrGen": 2,
      "storageIdx": 0,
      "coolerIdx": 0,
      "netIdx": 9,
      "busIdx": 19,
      "softIdx": 4,
      "ocMode": false,
      "btcPrice": 1000000000000000,
      "botnet": true,
      "zeroDay": true,
      "subZero": true,
      "firewallCharges": 99,
      "lastTime": 1773785703513
    }
  }
}