{
  "Wael": {
    "score": 136700000,
    "pass": "Kiloalpha_5@",
    "mypc": {
      "data": 6.179843798649946e+28,
      "cache": 0,
      "energy": 1435,
      "btc": 989969.5000000023,
      "qTokens": 1434650289969128200,
      "lastLogin": "",
      "cpuIdx": 68,
      "gpuIdx": 0,
      "npuIdx": 0,
      "ramGb": 8,
      "ddrGen": 2,
      "storageIdx": 0,
      "coolerIdx": 0,
      "netIdx": 8,
      "busIdx": 19,
      "softIdx": 4,
      "ocMode": false,
      "btcPrice": 1000000000000000,
      "botnet": true,
      "zeroDay": true,
      "subZero": true,
      "firewallCharges": 99,
      "lastTime": 1773785683532
    }
  }
}