{
  "Wael": {
    "score": 155200000,
    "pass": "Kiloalpha_5@",
    "mypc": {
      "data": 3.965165865522991e+35,
      "cache": 0,
      "energy": 1300,
      "btc": 989969.5020000024,
      "qTokens": 1434650289969128200,
      "lastLogin": "",
      "cpuIdx": 68,
      "gpuIdx": 13,
      "npuIdx": 3,
      "ramGb": 41984,
      "ddrGen": 2,
      "storageIdx": 0,
      "coolerIdx": 4,
      "netIdx": 9,
      "busIdx": 30,
      "softIdx": 4,
      "ocMode": false,
      "btcPrice": 1884677842787650,
      "botnet": true,
      "zeroDay": true,
      "subZero": true,
      "firewallCharges": 98,
      "lastTime": 1774012315083
    }
  }
}